ID,day,cumDP
1,1,30
1,2,34
1,3,35
1,4,32
1,5,33
1,6,34
1,7,35
1,8,34
1,9,32
1,10,34
1,11,35
1,12,32
1,13,41
1,14,42
1,15,42
1,16,43
1,17,42
1,18,45
1,19,47
1,20,45
1,21,48
1,22,49
1,23,45
1,24,40
1,25,35
1,26,34
1,27,32
1,28,34
1,29,32
1,30,29
1,31,33
